{
  "summary": {
    "pct_privacy_policy": 0.75,
    "pct_cookie_policy": 0.0625,
    "pct_legal_notice": 0.375,
    "pct_data_protect_clause": 0.1875,
    "pct_controller_present": 0.6875,
    "pct_dpo_contact": 0.8125,
    "rights_pct_mean": 0.2232142857142857,
    "rights_pct_std": 0.23673345684933664,
    "pct_has_legal_basis": 0.6875,
    "pct_has_retention": 0.875,
    "pct_has_recipients": 0.8125,
    "cookies_total_mean": 84.375,
    "cookies_3p_ratio_mean": 0.3235,
    "cookies_session_ratio_mean": 0.1994375,
    "tracker_hit_ratio_mean": 0.8106249999999999,
    "req_3p_ratio_mean": 0.8253124999999999,
    "total_sec_headers_mean": 3.0625,
    "security_score_mean": 3.0625,
    "pct_strict-transport-security": 0.6875,
    "pct_content-security-policy": 0.1875,
    "pct_permissions-policy": 0.3125,
    "pct_referrer-policy": 0.1875,
    "pct_x-frame-options": 0.875,
    "pct_x-content-type-options": 0.8125,
    "tls_days_until_expiry_median": 62.5,
    "tls_cipher_fs_ratio_mean": 0.5008125,
    "tls_cipher_weak_ratio_mean": 0.13225,
    "compliance_score_mean": 0.06666666666666667,
    "possible_transfer_violation_pct": 1.0,
    "violation_cookie_ownership_count": 0,
    "violation_cookie_session_only_count": 0,
    "violation_consent_prior_count": 0,
    "violation_no_tracking_claim_count": 15,
    "cookies_total_median": 42.5,
    "cookies_total_iqr": 115.0,
    "cookies_total_cv": 1.0575650787292474,
    "cookies_total_high_cv": "True",
    "tracker_hit_ratio_median": 0.8665,
    "tracker_hit_ratio_iqr": 0.20550000000000002,
    "tracker_hit_ratio_cv": 0.1553688313384572,
    "tracker_hit_ratio_high_cv": "False",
    "total_sec_headers_median": 3.0,
    "total_sec_headers_iqr": 2.0,
    "total_sec_headers_cv": 0.5592730451446825,
    "total_sec_headers_high_cv": "False"
  },
  "consent_distribution": {
    "unknown": 0.9375,
    "none": 0.0625
  }
}