domain,has_privacy,has_cookies,has_legal,has_data_prot,privacy_controller_present,dpo_contact_present,rights_sum,legal_bases_sum,retention_present,recipients_sum,transfer_scope,consent_mechanism,cookies_total,cookies_3p_ratio,cookies_session_ratio,tracker_hit_ratio,req_3p_ratio,req_3p_top,total_sec_headers,strict-transport-security,content-security-policy,permissions-policy,referrer-policy,x-frame-options,x-content-type-options,tls_version_max,tls_days_until_expiry,tls_cipher_fs_ratio,tls_cipher_weak_ratio,compliance_score,matches,violations,possible_transfer_violation,ok_cookie_ownership,ok_cookie_session_only,ok_consent_prior,ok_no_tracking_claim,rights_pct,security_score,security_score_pct
administracion.gob.es,True,True,True,False,True,True,7,1,True,1,INTRA_EU,banner,14.0,0.0,0.357,0.277,0.277,google.com;doubleclick.net;googletagmanager.com;google.es,4.0,1.0,0.0,0.0,1.0,1.0,1.0,TLS_1_3,53.0,0.5,0.0,0.6666666666666666,2,1,True,,False,True,,1.0,4.0,0.6666666666666666
administracionelectronica.gob.es,True,False,True,False,True,True,0,0,True,0,,,479.0,0.173,0.712,0.806,0.806,twitter.com;youtube.com;jnn-pa.googleapis.com;doubleclick.net;google-analytics.com,1.0,0.0,0.0,0.0,0.0,1.0,0.0,TLS_1_3,46.0,0.5,0.0,0.0,0,1,,,,,False,0.0,1.0,0.16666666666666666
aemps.gob.es,False,False,True,False,False,True,0,0,True,0,,,0.0,0.0,0.0,0.571,0.571,cloudflare.com;gstatic.com;ajax.googleapis.com;jsdelivr.net;googletagmanager.com,0.0,0.0,0.0,0.0,0.0,0.0,0.0,,0.0,0.0,0.0,0.0,0,1,,,,,False,0.0,0.0,0.0
carpetaciudadana.gob.es,True,True,True,False,True,True,6,2,True,8,INTRA_EU,cmp,9.0,0.0,1.0,0.972,0.972,redsara.es,4.0,1.0,1.0,0.0,0.0,1.0,1.0,TLS_1_2,53.0,0.636,0.364,0.5,2,2,False,True,,True,False,0.8571428571428571,4.0,0.6666666666666666
cibim.transportes.gob.es,False,True,True,False,False,True,0,0,True,0,,none,73.0,0.986,0.123,0.857,0.893,youtube.com;fonts.googleapis.com;gstatic.com;jnn-pa.googleapis.com;doubleclick.net,4.0,1.0,0.0,0.0,1.0,1.0,1.0,TLS_1_3,53.0,0.5,0.0,0.0,0,1,,,,,False,0.0,4.0,0.6666666666666666
ciencia.sede.gob.es,False,False,True,True,False,True,6,0,True,0,,,1.0,0.0,1.0,0.388,0.388,googletagmanager.com;redsara.es,4.0,1.0,0.0,0.0,1.0,1.0,1.0,TLS_1_3,298.0,0.5,0.0,0.0,0,1,,,,,False,0.8571428571428571,4.0,0.6666666666666666
clave.gob.es,False,True,True,False,False,True,0,0,True,0,,,246.0,0.22,0.065,0.72,0.73,adobedtm.com;demdex.net;omtrdc.net;everesttech.net;rum.hlx.page,4.0,1.0,1.0,0.0,0.0,1.0,1.0,TLS_1_3,223.0,0.5,0.0,0.0,0,1,,,,,False,0.0,4.0,0.6666666666666666
cnrha.sanidad.gob.es,False,False,True,False,False,True,0,0,True,0,,,0.0,0.0,0.0,0.375,0.396,fonts.googleapis.com;gstatic.com;mscbs.es,0.0,0.0,0.0,0.0,0.0,0.0,0.0,TLS_1_2,54.0,0.4,0.6,0.0,0,1,,,,,False,0.0,0.0,0.0
cpage.mpr.gob.es,False,False,True,True,False,True,5,0,True,0,INTERNATIONAL,,43.0,0.209,0.209,0.844,0.964,wp.com;gstatic.com;google.com;mpr.es;translate-pa.googleapis.com,1.0,0.0,0.0,0.0,1.0,0.0,0.0,TLS_1_3,78.0,0.367,0.533,0.0,0,1,,,,,False,0.7142857142857143,1.0,0.16666666666666666
datos.gob.es,False,False,True,False,False,True,0,0,True,0,,,139.0,0.777,0.209,0.623,0.623,insuit.net;clarity.ms;google-analytics.com;googletagmanager.com;hotjar.com,2.0,0.0,0.0,0.0,0.0,1.0,1.0,TLS_1_2,207.0,0.4,0.6,0.0,0,1,,,,,False,0.0,2.0,0.3333333333333333
derechosdigitales.gob.es,False,True,True,False,False,True,0,0,True,0,,banner,3.0,0.0,0.667,0.47,0.47,gstatic.com;jsdelivr.net;unpkg.com;fonts.googleapis.com,0.0,0.0,0.0,0.0,0.0,0.0,0.0,TLS_1_3,286.0,0.438,0.375,1.0,1,0,,,,True,,0.0,0.0,0.0
dgsfp.mineco.gob.es,False,True,False,True,False,True,0,0,True,0,,none,1.0,0.0,1.0,0.263,0.263,google-analytics.com;googletagmanager.com,3.0,0.0,1.0,0.0,0.0,1.0,1.0,TLS_1_2,223.0,0.526,0.474,0.0,0,1,,,,,False,0.0,3.0,0.5
digital.gob.es,False,True,True,True,False,True,0,0,True,0,,banner,214.0,0.252,0.075,0.758,0.768,adobedtm.com;demdex.net;omtrdc.net;everesttech.net;rum.hlx.page,4.0,1.0,1.0,0.0,0.0,1.0,1.0,TLS_1_3,76.0,0.5,0.0,0.0,0,1,,,,False,,0.0,4.0,0.6666666666666666
dsca.gob.es,True,True,True,False,True,True,7,2,True,1,,banner,1.0,0.0,1.0,0.185,0.185,gstatic.com;jsdelivr.net;fonts.googleapis.com,2.0,0.0,0.0,0.0,0.0,1.0,1.0,TLS_1_2,26.0,0.636,0.364,1.0,1,0,,,,True,,1.0,2.0,0.3333333333333333
educacionfpydeportes.gob.es,False,True,True,True,False,True,0,0,True,0,,banner,10.0,0.9,0.1,0.535,0.535,insuit.net;twitter.com,4.0,1.0,1.0,0.0,0.0,1.0,1.0,TLS_1_2,53.0,0.429,0.571,0.3333333333333333,1,2,,,True,False,False,0.0,4.0,0.6666666666666666
esmovilidad.transportes.gob.es,False,False,True,True,False,True,0,0,True,0,,,1.0,0.0,0.0,0.0,0.164,mitma.gob.es,4.0,1.0,0.0,0.0,1.0,1.0,1.0,TLS_1_3,53.0,0.596,0.34,1.0,1,0,,,,,True,0.0,4.0,0.6666666666666666
espanadigital.gob.es,False,False,True,False,False,True,0,0,True,0,,,13.0,0.0,0.154,0.552,0.552,gstatic.com;insuit.net;fontawesome.com;fonts.googleapis.com;addtoany.com,5.0,1.0,1.0,0.0,1.0,1.0,1.0,TLS_1_3,201.0,0.438,0.375,0.0,0,1,,,,,False,0.0,5.0,0.8333333333333334
exteriores.gob.es,True,True,True,True,True,True,6,4,True,1,,none,75.0,0.96,0.16,0.783,0.783,youtube.com;google.com;jnn-pa.googleapis.com;doubleclick.net;gstatic.com,3.0,0.0,1.0,0.0,0.0,1.0,1.0,TLS_1_3,53.0,0.5,0.0,,0,0,,,,,,0.8571428571428571,3.0,0.5
firmaelectronica.gob.es,False,True,True,False,False,True,0,0,True,0,,banner,86.0,0.628,0.186,0.735,0.745,adobedtm.com;demdex.net;omtrdc.net;everesttech.net;rum.hlx.page,4.0,1.0,1.0,0.0,0.0,1.0,1.0,TLS_1_3,227.0,0.5,0.0,0.0,0,1,,,,False,,0.0,4.0,0.6666666666666666
futuros.gob.es,False,False,True,True,False,True,5,0,True,1,INTERNATIONAL,,22.0,0.0,0.045,0.742,0.742,onetrust.com;gstatic.com;jsdelivr.net;googletagmanager.com;cloudflare.com,4.0,1.0,0.0,0.0,1.0,1.0,1.0,,0.0,0.0,0.0,0.0,0,1,,,,,False,0.7142857142857143,4.0,0.6666666666666666
generaciond.gob.es,False,True,True,True,False,True,0,0,True,0,,none,8.0,0.0,0.0,0.539,0.539,gstatic.com;jsdelivr.net;unpkg.com;google-analytics.com;googletagmanager.com,4.0,1.0,0.0,0.0,1.0,1.0,1.0,TLS_1_3,54.0,0.5,0.0,1.0,1,0,,True,,,,0.0,4.0,0.6666666666666666
hacienda.gob.es,True,False,True,True,True,True,11,0,True,2,INTERNATIONAL,,308.0,0.029,0.968,0.429,0.429,twitter.com;gstatic.com;fonts.googleapis.com,4.0,1.0,1.0,0.0,0.0,1.0,1.0,TLS_1_2,201.0,1.0,0.0,0.0,0,1,,,,,False,1.5714285714285714,4.0,0.6666666666666666
igae.pap.hacienda.gob.es,False,False,True,True,False,True,6,0,True,0,INTERNATIONAL,,200.0,0.0,0.965,0.12,0.12,cloudflare.com,6.0,1.0,1.0,1.0,1.0,1.0,1.0,,0.0,0.0,0.0,0.0,0,1,,,,,False,0.8571428571428571,6.0,1.0
igualdad.gob.es,False,True,True,True,False,True,7,0,True,0,,banner,17.0,0.529,0.0,0.631,0.631,gstatic.com;google.com;google-analytics.com;googletagmanager.com;translate.googleapis.com,6.0,1.0,1.0,1.0,1.0,1.0,1.0,,0.0,0.0,0.0,0.0,0,1,,,,False,,1.0,6.0,1.0
inclasns.sanidad.gob.es,False,False,True,False,False,True,0,0,True,0,,,8.0,0.0,0.0,0.47,0.47,google-analytics.com;gstatic.com;googletagmanager.com;fonts.googleapis.com,3.0,1.0,0.0,0.0,0.0,1.0,1.0,TLS_1_3,59.0,0.5,0.0,0.0,0,1,,,,,False,0.0,3.0,0.5
ingesa.sanidad.gob.es,False,False,True,True,False,True,7,0,True,0,,,2.0,0.0,1.0,0.164,0.164,jsdelivr.net,5.0,1.0,1.0,0.0,1.0,1.0,1.0,TLS_1_3,107.0,0.596,0.34,0.0,0,1,,,,,False,1.0,5.0,0.8333333333333334
lamoncloa.gob.es,False,True,True,False,False,True,0,0,True,0,,banner,6.0,0.0,0.0,0.214,0.214,google-analytics.com,4.0,1.0,1.0,0.0,0.0,1.0,1.0,,0.0,0.0,0.0,1.0,1,0,,,,True,,0.0,4.0,0.6666666666666666
mapa.gob.es,True,True,True,False,True,True,0,0,True,1,,banner,165.0,0.491,0.564,0.734,0.734,youtube.com;twitter.com;jnn-pa.googleapis.com;doubleclick.net;gstatic.com,4.0,1.0,1.0,0.0,0.0,1.0,1.0,TLS_1_3,54.0,0.55,0.3,0.0,0,1,,,,False,,0.0,4.0,0.6666666666666666
mintur.gob.es,False,True,True,True,False,True,7,0,True,69,,banner,0.0,0.0,0.0,0.551,0.551,fonts.googleapis.com;readspeaker.com;unpkg.com;googletagmanager.com;ajax.googleapis.com,3.0,0.0,1.0,0.0,0.0,1.0,1.0,TLS_1_2,152.0,0.636,0.364,1.0,1,0,,,,True,,1.0,3.0,0.5
miteco.gob.es,True,True,True,False,True,True,0,1,True,9,,none,15.0,0.6,0.4,0.794,0.798,youtube-nocookie.com;jnn-pa.googleapis.com;adobedtm.com;gstatic.com;twitter.com,6.0,1.0,1.0,1.0,1.0,1.0,1.0,TLS_1_3,287.0,0.75,0.0,,0,0,,,,,,0.0,6.0,1.0
mites.gob.es,True,True,False,False,True,True,0,6,True,0,NONE,banner,139.0,0.281,0.46,0.869,0.87,telegram.org;twitter.com;go-mpulse.net;googletagmanager.com;akstat.io,6.0,1.0,1.0,1.0,1.0,1.0,1.0,,0.0,0.0,0.0,0.5,1,1,True,,,False,,0.0,6.0,1.0
mivau.gob.es,False,True,True,True,False,True,0,0,True,0,,none,1.0,0.0,0.0,0.74,0.744,gstatic.com;google.com;ajax.googleapis.com;fonts.googleapis.com;mitma.gob.es,4.0,1.0,0.0,0.0,1.0,1.0,1.0,,0.0,0.0,0.0,0.0,0,1,,,,,False,0.0,4.0,0.6666666666666666
moncloaabierta.presidencia.gob.es,False,True,True,False,False,True,0,0,True,0,,scroll,68.0,0.0,0.956,0.45,0.45,google-analytics.com,4.0,1.0,1.0,0.0,0.0,1.0,1.0,TLS_1_3,159.0,0.571,0.0,,0,0,,,,,,0.0,4.0,0.6666666666666666
mpr.gob.es,False,True,True,False,False,True,0,0,True,0,,banner,1.0,0.0,0.0,0.254,0.254,google-analytics.com,4.0,1.0,1.0,0.0,0.0,1.0,1.0,,0.0,0.0,0.0,1.0,1,0,,,,True,,0.0,4.0,0.6666666666666666
mpr.sede.gob.es,False,False,True,True,False,True,7,0,True,0,,,1.0,0.0,1.0,0.426,0.426,googletagmanager.com;redsara.es,4.0,1.0,0.0,0.0,1.0,1.0,1.0,TLS_1_3,298.0,0.5,0.0,0.0,0,1,,,,,False,1.0,4.0,0.6666666666666666
mpt.gob.es,False,False,True,True,False,True,24,0,True,5,INTERNATIONAL,,166.0,0.0,0.922,0.573,0.573,jquery.com;googletagmanager.com;google-analytics.com;google.com;doubleclick.net,3.0,1.0,0.0,0.0,0.0,1.0,1.0,TLS_1_3,269.0,0.667,0.0,0.0,0,1,,,,,False,3.4285714285714284,3.0,0.5
planderecuperacion.gob.es,False,False,True,False,False,True,0,0,True,0,,,39.0,0.128,0.41,0.828,0.828,powerapps.com;windows.net;visualstudio.com;onetrust.com;googletagmanager.com,4.0,1.0,0.0,0.0,1.0,1.0,1.0,,0.0,0.0,0.0,0.0,0,1,,,,,False,0.0,4.0,0.6666666666666666
portaldatos.seg-social.gob.es,False,True,True,True,False,True,0,0,True,0,,banner,18.0,0.0,1.0,0.437,0.456,go-mpulse.net;akstat.io;trial-eum-clientnsv4-s.akamaihd.net;trial-eum-clienttons-s.akamaihd.net;176-80-55-162_s-185-43-182-114_ts-1754675791-clienttons-s.akamaihd.net,4.0,1.0,1.0,0.0,0.0,1.0,1.0,TLS_1_3,82.0,0.667,0.0,1.0,2,0,,,True,True,,0.0,4.0,0.6666666666666666
prtr.miteco.gob.es,True,True,True,False,True,True,0,1,True,9,NONE,none,8.0,0.0,1.0,0.355,0.368,adobedtm.com;rum.hlx.page,6.0,1.0,1.0,1.0,1.0,1.0,1.0,TLS_1_2,55.0,1.0,0.0,1.0,1,0,True,,,,,0.0,6.0,1.0
publicaciones.transportes.gob.es,False,False,False,True,False,True,6,0,True,0,,,123.0,0.878,0.228,0.692,0.692,clarity.ms;googletagmanager.com;google-analytics.com;bing.com,4.0,1.0,0.0,0.0,1.0,1.0,1.0,TLS_1_3,53.0,0.596,0.34,0.0,0,1,,,,,False,0.8571428571428571,4.0,0.6666666666666666
redets.sanidad.gob.es,False,False,True,False,False,True,0,0,True,0,,,12.0,0.0,0.0,0.519,0.519,google-analytics.com;google.com;googletagmanager.com;doubleclick.net;google.es,0.0,0.0,0.0,0.0,0.0,0.0,0.0,TLS_1_2,54.0,0.4,0.6,0.0,0,1,,,,,False,0.0,0.0,0.0
rpdiscapacidad.gob.es,False,True,True,False,False,True,0,0,True,0,,none,8.0,0.0,0.0,0.755,0.755,jsdelivr.net;bootstrapcdn.com;gstatic.com;google-analytics.com;fonts.googleapis.com,4.0,1.0,1.0,0.0,0.0,1.0,1.0,,0.0,0.0,0.0,0.0,0,1,,,,,False,0.0,4.0,0.6666666666666666
sanidad.gob.es,False,False,True,False,False,True,0,0,True,0,,,17.0,0.0,0.294,0.6,0.6,insuit.net;gstatic.com;googletagmanager.com;fonts.googleapis.com;google.com,0.0,0.0,0.0,0.0,0.0,0.0,0.0,TLS_1_3,54.0,0.592,0.347,0.0,0,1,,,,,False,0.0,0.0,0.0
secegsa.gob.es,False,True,True,False,False,True,0,0,True,0,,banner,11.0,0.818,0.0,0.826,0.85,gstatic.com;google.com;jsdelivr.net;fontawesome.com;googletagmanager.com,4.0,1.0,0.0,0.0,1.0,1.0,1.0,TLS_1_3,75.0,0.596,0.34,0.0,0,1,,,,False,,0.0,4.0,0.6666666666666666
sede.administracion.gob.es,True,False,True,False,True,True,7,3,True,1,NONE,,19.0,0.0,0.474,0.435,0.435,google.com;googletagmanager.com;doubleclick.net;google.es,4.0,1.0,0.0,0.0,1.0,1.0,1.0,TLS_1_3,160.0,0.5,0.0,0.5,1,1,True,,,,False,1.0,4.0,0.6666666666666666
sede.administracionespublicas.gob.es,False,False,True,True,False,True,1,0,True,0,,,4.0,0.0,1.0,0.409,0.409,googletagmanager.com,4.0,1.0,0.0,0.0,1.0,1.0,1.0,TLS_1_2,160.0,0.636,0.364,0.0,0,1,,,,,False,0.14285714285714285,4.0,0.6666666666666666
sede.agenciatributaria.gob.es,False,False,True,False,False,True,0,0,True,0,,,9.0,0.0,0.111,0.685,0.685,googletagmanager.com;google-analytics.com;bimappweb.com,3.0,1.0,1.0,0.0,0.0,1.0,0.0,TLS_1_3,98.0,0.4,0.0,0.0,0,1,,,,,False,0.0,3.0,0.5
sede.defensa.gob.es,True,True,False,False,True,True,6,0,True,0,,banner,1.0,0.0,1.0,0.0,0.0,,3.0,1.0,0.0,0.0,0.0,1.0,1.0,TLS_1_2,58.0,1.0,0.0,1.0,1,0,,,,True,,0.8571428571428571,3.0,0.5
sede.dgt.gob.es,True,True,True,False,True,True,6,3,True,0,,cmp,117.0,0.077,0.855,0.849,0.885,datatables.net;gstatic.com;cloudflare.com;jsdelivr.net;translate.googleapis.com,2.0,0.0,0.0,0.0,1.0,0.0,1.0,TLS_1_3,54.0,0.667,0.0,0.0,0,1,,,,False,,0.8571428571428571,2.0,0.3333333333333333
sede.fnmt.gob.es,True,True,True,False,True,True,7,1,True,0,NONE,banner,9.0,0.0,0.333,0.636,0.646,gstatic.com;google-analytics.com;go-mpulse.net;fonts.googleapis.com;googletagmanager.com,3.0,1.0,0.0,0.0,0.0,1.0,1.0,,0.0,0.0,0.0,1.0,2,0,True,,,True,,1.0,3.0,0.5
sede.funciona.gob.es,False,False,True,True,False,True,1,0,True,0,,,40.0,0.0,0.85,0.429,0.429,google-analytics.com;googletagmanager.com,3.0,0.0,0.0,0.0,1.0,1.0,1.0,TLS_1_2,160.0,0.63,0.37,0.0,0,1,,,,,False,0.14285714285714285,3.0,0.5
sede.minetur.gob.es,False,True,True,True,False,True,7,0,True,0,,banner,,,,,,,,,,,,,,,,,,0.0,0,1,,,,False,,1.0,0.0,0.0
sede.mjusticia.gob.es,True,True,True,True,True,True,6,3,True,1,NONE,none,7.0,0.0,0.143,0.505,0.505,insuit.net;piwik.pro,3.0,1.0,0.0,0.0,0.0,1.0,1.0,TLS_1_3,223.0,0.596,0.34,1.0,1,0,True,,,,,0.8571428571428571,3.0,0.5
sede.mscbs.gob.es,False,False,True,True,False,True,7,0,True,0,,,11.0,0.0,1.0,0.586,0.586,insuit.net,0.0,0.0,0.0,0.0,0.0,0.0,0.0,,0.0,0.0,0.0,0.0,0,1,,,,,False,1.0,0.0,0.0
sede.red.gob.es,False,False,True,True,False,True,0,0,True,0,,,11.0,0.0,0.182,0.598,0.598,insuit.net;jsdelivr.net;googletagmanager.com;google-analytics.com;fonts.googleapis.com,5.0,1.0,1.0,0.0,1.0,1.0,1.0,TLS_1_2,270.0,0.4,0.6,0.0,0,1,,,,,False,0.0,5.0,0.8333333333333334
sede.seg-social.gob.es,False,True,True,True,False,True,4,0,True,0,,banner,28.0,0.0,0.607,0.542,0.542,insuit.net;googletagmanager.com;google-analytics.com;go-mpulse.net,5.0,1.0,1.0,0.0,1.0,1.0,1.0,TLS_1_3,82.0,0.667,0.0,0.5,1,1,,,False,True,,0.5714285714285714,5.0,0.8333333333333334
sede.sepe.gob.es,True,True,True,False,True,True,0,1,True,3,,banner,9.0,0.0,0.889,0.464,0.464,insuit.net;googletagmanager.com,0.0,0.0,0.0,0.0,0.0,0.0,0.0,TLS_1_3,246.0,0.222,0.444,0.5,1,1,,,,True,False,0.0,0.0,0.0
sede.tea.hacienda.gob.es,False,False,True,False,False,True,0,0,True,0,,,1.0,0.0,1.0,0.0,0.0,,2.0,1.0,1.0,0.0,0.0,0.0,0.0,TLS_1_3,88.0,0.4,0.0,1.0,1,0,,,,,True,0.0,2.0,0.3333333333333333
sede.transportes.gob.es,False,True,True,True,False,True,6,0,True,0,,none,2.0,0.0,0.0,0.397,0.397,fonts.googleapis.com;jsdelivr.net;googletagmanager.com,3.0,1.0,0.0,0.0,0.0,1.0,1.0,TLS_1_3,323.0,0.596,0.34,0.0,0,1,,,,,False,0.8571428571428571,3.0,0.5
sedecatastro.gob.es,True,False,True,True,True,True,5,2,True,2,NONE,,3.0,0.0,1.0,0.409,0.409,google-analytics.com;googletagmanager.com;fonts.googleapis.com,1.0,0.0,0.0,0.0,0.0,0.0,1.0,,0.0,0.0,0.0,0.5,1,1,True,,,,False,0.7142857142857143,1.0,0.16666666666666666
sedeminhap.gob.es,True,False,True,True,True,True,11,1,True,2,INTRA_EU,,,,,,,,,,,,,,,,,,,0.0,0,2,False,,,,False,1.5714285714285714,0.0,0.0
seguridadaerea.gob.es,True,True,False,False,True,True,5,3,True,2,,none,835.0,0.011,0.372,0.626,0.626,twitter.com;addtoany.com;ajax.googleapis.com;google-analytics.com;googletagmanager.com,2.0,1.0,0.0,0.0,0.0,0.0,1.0,,0.0,0.0,0.0,0.0,0,1,,,False,,,0.7142857142857143,2.0,0.3333333333333333
servicios.administraciondigital.gob.es,False,True,True,False,False,True,0,0,True,0,,scroll,26.0,0.0,1.0,0.0,0.0,,0.0,0.0,0.0,0.0,0.0,0.0,0.0,TLS_1_2,291.0,0.636,0.364,,0,0,,,,,,0.0,0.0,0.0
transparencia.gob.es,True,True,True,True,True,True,0,0,True,0,,scroll,14.0,0.0,0.286,0.359,0.359,google.com;googletagmanager.com;doubleclick.net;google.es,3.0,1.0,0.0,0.0,0.0,1.0,1.0,TLS_1_3,53.0,0.5,0.0,0.0,0,1,,,False,,,0.0,3.0,0.5
transportes.gob.es,False,False,True,True,False,True,4,0,True,0,,,3.0,0.0,0.0,0.692,0.696,gstatic.com;google.com;fonts.googleapis.com;ajax.googleapis.com;mitma.gob.es,4.0,1.0,0.0,0.0,1.0,1.0,1.0,,0.0,0.0,0.0,0.0,0,1,,,,,False,0.5714285714285714,4.0,0.6666666666666666
violenciagenero.igualdad.gob.es,True,False,True,False,False,True,0,0,True,0,,,18.0,0.5,0.0,0.729,0.729,fontawesome.com;gstatic.com;cloudflare.com;google-analytics.com;google.com,6.0,1.0,1.0,1.0,1.0,1.0,1.0,TLS_1_3,54.0,0.583,0.333,0.0,0,1,,,,,False,0.0,6.0,1.0
