{
  "summary": {
    "pct_privacy_policy": 0.4,
    "pct_cookie_policy": 0.0,
    "pct_legal_notice": 0.8,
    "pct_data_protect_clause": 0.0,
    "pct_controller_present": 0.4,
    "pct_dpo_contact": 1.0,
    "rights_pct_mean": 0.14285714285714285,
    "rights_pct_std": 0.18070158058105024,
    "pct_has_legal_basis": 0.4,
    "pct_has_retention": 0.8,
    "pct_has_recipients": 0.4,
    "cookies_total_mean": 8.8,
    "cookies_3p_ratio_mean": 0.1058,
    "cookies_session_ratio_mean": 0.1584,
    "tracker_hit_ratio_mean": 0.6458,
    "req_3p_ratio_mean": 0.6516,
    "total_sec_headers_mean": 0.4,
    "security_score_mean": 0.4,
    "pct_strict-transport-security": 0.0,
    "pct_content-security-policy": 0.2,
    "pct_permissions-policy": 0.0,
    "pct_referrer-policy": 0.0,
    "pct_x-frame-options": 0.2,
    "pct_x-content-type-options": 0.0,
    "tls_days_until_expiry_median": 54.0,
    "tls_cipher_fs_ratio_mean": 0.36100000000000004,
    "tls_cipher_weak_ratio_mean": 0.23900000000000002,
    "compliance_score_mean": 0.1,
    "possible_transfer_violation_pct": 1.0,
    "violation_cookie_ownership_count": 0,
    "violation_cookie_session_only_count": 0,
    "violation_consent_prior_count": 0,
    "violation_no_tracking_claim_count": 5,
    "cookies_total_median": 8.0,
    "cookies_total_iqr": 13.0,
    "cookies_total_cv": 0.7720585341574103,
    "cookies_total_high_cv": "False",
    "tracker_hit_ratio_median": 0.583,
    "tracker_hit_ratio_iqr": 0.20599999999999996,
    "tracker_hit_ratio_cv": 0.2299322840530235,
    "tracker_hit_ratio_high_cv": "False",
    "total_sec_headers_median": 0.0,
    "total_sec_headers_iqr": 1.0,
    "total_sec_headers_cv": 1.2247448713915892,
    "total_sec_headers_high_cv": "True"
  },
  "consent_distribution": {
    "unknown": 1.0
  }
}